id,project code,pq #,po / so #,asn/dn #,country,managed by,fulfill via,vendor inco term,shipment mode,pq first sent to client date,po sent to vendor date,scheduled delivery date,delivered to client date,delivery recorded date,product group,sub classification,vendor,item description,molecule/test type,brand,dosage,dosage form,unit of measure (per pack),line item quantity,line item value,pack price,unit price,manufacturing site,first line designation,weight (kilograms),freight cost (usd),line item insurance (usd)
15241,116-ZA-T30,FPQ-11828,SCMS-183950,ASN-19166,South Africa,South Africa Field Office,Direct Drop,DDP,Truck,3/18/2013,Date Not Captured,16-Apr-13,16-Apr-13,16-Apr-13,ARV,Adult,S. BUYS WHOLESALER,"Efavirenz 600mg, tablets, 30 Tabs",Efavirenz,Generic,600mg,Tablet,30,1368,21995.87,16.08,0.54,"Cipla, Goa, India",True,Weight Captured Separately,Freight Included in Commodity Cost,27.21
18762,116-ZA-T30,FPQ-11828,SCMS-183950,ASN-19166,South Africa,South Africa Field Office,Direct Drop,DDP,Truck,3/18/2013,Date Not Captured,16-Apr-13,16-Apr-13,16-Apr-13,ARV,Adult,S. BUYS WHOLESALER,"Zidovudine 300mg, tablets, 60 Tabs",Zidovudine,Generic,300mg,Tablet,60,216,5512.38,25.52,0.43,"Aurobindo Unit III, India",False,Weight Captured Separately,Freight Included in Commodity Cost,6.82
21338,116-ZA-T30,FPQ-11828,SCMS-183950,ASN-19166,South Africa,South Africa Field Office,Direct Drop,DDP,Truck,3/18/2013,Date Not Captured,16-Apr-13,16-Apr-13,16-Apr-13,ARV,Adult,S. BUYS WHOLESALER,"Lamivudine/Zidovudine 150/300mg [Combivir], tablets, 60 Tabs",Lamivudine/Zidovudine,Combivir,150/300mg,Tablet - FDC,60,39,746.32,19.14,0.32,"GSK, U1, Poznan, Poland",False,Weight Captured Separately,Freight Included in Commodity Cost,0.92
23156,108-VN-T30,FPQ-13524,SCMS-226260,ASN-26928,Vietnam,PMO - US,Direct Drop,EXW,Air,2/6/2014,3/10/2014,13-Aug-14,30-Jul-14,1-Aug-14,ARV,Adult,HETERO LABS LIMITED,"Efavirenz/Lamivudine/Tenofovir Disoproxil Fumarate 600/300/300mg, tablets, 30 Tabs",Efavirenz/Lamivudine/Tenofovir Disoproxil Fumarate,Generic,600/300/300mg,Tablet - FDC,30,16528,173544.0,10.5,0.35,Hetero Unit III Hyderabad IN,True,3283,5173.14,178.4
24187,161-ZA-T30,FPQ-6262,SCMS-83830,ASN-9486,South Africa,PMO - US,Direct Drop,DDP,Ocean,8/31/2010,9/24/2010,1-Feb-11,4-Mar-11,4-Mar-11,ARV,Adult,Aurobindo Pharma Limited,"Efavirenz 600mg, tablets, 30 Tabs",Efavirenz,Generic,600mg,Tablet,30,116218,526467.54,4.53,0.15,"Aurobindo Unit III, India",True,12410,10446.37,1135.06
26015,116-ZA-T30,FPQ-3596,SCMS-50370,ASN-5458,South Africa,PMO - US,Direct Drop,DDP,Truck,5/7/2009,9/22/2009,27-Oct-09,27-Oct-09,27-Oct-09,ARV,Pediatric,S. BUYS WHOLESALER,"Efavirenz 50mg, capsule, 30 Caps",Efavirenz,Generic,50mg,Capsule,30,708,2696.29,3.81,0.13,"Aurobindo Unit III, India",True,Weight Captured Separately,Freight Included in Commodity Cost,5.28
26208,116-ZA-T30,FPQ-11828,SCMS-183950,ASN-19166,South Africa,South Africa Field Office,Direct Drop,DDP,Truck,3/18/2013,Date Not Captured,16-Apr-13,16-Apr-13,16-Apr-13,ARV,Adult,S. BUYS WHOLESALER,"Efavirenz 600mg, tablets, 30 Tabs",Efavirenz,Generic,600mg,Tablet,30,22333,359064.74,16.08,0.54,"Cipla, Goa, India",False,Weight Captured Separately,Freight Included in Commodity Cost,444.16
26341,116-ZA-T30,FPQ-11828,SCMS-183950,ASN-19166,South Africa,South Africa Field Office,Direct Drop,DDP,Truck,3/18/2013,Date Not Captured,16-Apr-13,16-Apr-13,16-Apr-13,ARV,Adult,S. BUYS WHOLESALER,"Lamivudine 150mg [Epivir], tablets, 60 Tabs",Lamivudine,Epivir,150mg,Tablet,60,3532,41483.17,11.74,0.2,GSK Ware (UK),False,Weight Captured Separately,Freight Included in Commodity Cost,51.31
26786,116-ZA-T30,FPQ-11828,SCMS-183950,ASN-19166,South Africa,South Africa Field Office,Direct Drop,DDP,Truck,3/18/2013,Date Not Captured,15-Apr-13,16-Apr-13,16-Apr-13,ARV,Pediatric,S. BUYS WHOLESALER,"Lamivudine 10mg/ml, oral solution, Bottle, 240 ml",Lamivudine,Generic,10mg/ml,Oral solution,240,43,317.79,7.39,0.03,"Cipla, Goa, India",False,Weight Captured Separately,Freight Included in Commodity Cost,0.39
26879,161-ZA-T30,FPQ-6262,SCMS-83790,ASN-9477,South Africa,PMO - US,Direct Drop,DDP,Ocean,8/31/2010,9/24/2010,6-Jan-11,10-Mar-11,10-Mar-11,ARV,Pediatric,Aurobindo Pharma Limited,"Nevirapine 10mg/ml, oral suspension w/syringe, Bottle, 240 ml",Nevirapine,Generic,10mg/ml,Oral suspension,240,10233,21693.96,2.12,0.01,"Aurobindo Unit III, India",True,3542,6660.05,46.77
28515,161-ZA-T30,FPQ-6262,SCMS-83790,ASN-9179,South Africa,PMO - US,Direct Drop,DDP,Ocean,8/31/2010,9/24/2010,6-Jan-11,31-Jan-11,31-Jan-11,ARV,Pediatric,Aurobindo Pharma Limited,"Nevirapine 10mg/ml, oral suspension w/syringe, Bottle, 240 ml",Nevirapine,Generic,10mg/ml,Oral suspension,240,14065,29817.8,2.12,0.01,"Aurobindo Unit III, India",True,6196,1220.84,64.29
28542,161-ZA-T30,FPQ-6262,SCMS-83770,ASN-9945,South Africa,PMO - US,Direct Drop,DDP,Ocean,8/31/2010,9/24/2010,7-Apr-11,26-Apr-11,26-Apr-11,ARV,Adult,Aurobindo Pharma Limited,"Zidovudine 300mg, tablets, 60 Tabs",Zidovudine,Generic,300mg,Tablet,60,17470,128055.1,7.33,0.12,"Aurobindo Unit III, India",True,7765,4835.17,276.09
29848,116-ZA-T30,FPQ-11828,SCMS-183950,ASN-19166,South Africa,South Africa Field Office,Direct Drop,DDP,Truck,3/18/2013,Date Not Captured,16-Apr-13,16-Apr-13,16-Apr-13,ARV,Adult,S. BUYS WHOLESALER,"Stavudine 20mg [Zerit], capsules, 60 Caps",Stavudine,Zerit,20mg,Capsule,60,4,20.72,5.18,0.09,Bristol-Myers Squibb Anagni IT,False,Weight Captured Separately,Freight Included in Commodity Cost,0.03
30514,116-ZA-T30,FPQ-11828,SCMS-183950,ASN-19166,South Africa,South Africa Field Office,Direct Drop,DDP,Truck,3/18/2013,Date Not Captured,16-Apr-13,16-Apr-13,16-Apr-13,ARV,Adult,S. BUYS WHOLESALER,"Abacavir 300mg, tablets, 60 Tabs",Abacavir,Generic,300mg,Tablet,60,45,1175.15,26.11,0.44,"Cipla, Patalganga, India",False,Weight Captured Separately,Freight Included in Commodity Cost,1.45
31670,161-ZA-T30,FPQ-6262,SCMS-83790,ASN-9477,South Africa,PMO - US,Direct Drop,DDP,Ocean,8/31/2010,9/24/2010,1-Feb-11,10-Mar-11,10-Mar-11,ARV,Pediatric,Aurobindo Pharma Limited,"Efavirenz 200mg, capsule, 90 Caps",Efavirenz,Generic,200mg,Capsule,90,19214,191755.72,9.98,0.11,"Aurobindo Unit III, India",False,See ASN-9477 (ID#:26879),See ASN-9477 (ID#:26879),413.43
31740,161-ZA-T30,FPQ-6262,SCMS-83830,ASN-9486,South Africa,PMO - US,Direct Drop,DDP,Ocean,8/31/2010,9/24/2010,4-Mar-11,4-Mar-11,4-Mar-11,ARV,Pediatric,Aurobindo Pharma Limited,"Lamivudine 10mg/ml, oral solution w/syringe, Bottle, 240 ml",Lamivudine,Generic,10mg/ml,Oral solution,240,6736,13606.72,2.02,0.01,"Aurobindo Unit III, India",False,See ASN-9486 (ID#:24187),See ASN-9486 (ID#:24187),29.34
31963,116-ZA-T30,FPQ-11828,SCMS-183950,ASN-19166,South Africa,South Africa Field Office,Direct Drop,DDP,Truck,3/18/2013,Date Not Captured,16-Apr-13,16-Apr-13,16-Apr-13,ARV,Adult,S. BUYS WHOLESALER,"Didanosine 250mg, delayed-release capsules, 30 Caps",Didanosine,Generic,250mg,Delayed-release capsules,30,2,30.85,15.42,0.51,"Aurobindo Unit III, India",False,Weight Captured Separately,Freight Included in Commodity Cost,0.04
32889,116-ZA-T30,FPQ-11828,SCMS-183950,ASN-19166,South Africa,South Africa Field Office,Direct Drop,DDP,Truck,3/18/2013,Date Not Captured,16-Apr-13,16-Apr-13,16-Apr-13,ARV,Adult,S. BUYS WHOLESALER,"Emtricitabine/Tenofovir Disoproxil Fumarate 200/300mg, tablets, 30 Tabs",Emtricitabine/Tenofovir Disoproxil Fumarate,Generic,200/300mg,Tablet - FDC,30,50,1528.18,30.56,1.02,"Aurobindo Unit III, India",False,Weight Captured Separately,Freight Included in Commodity Cost,1.89
33097,116-ZA-T30,FPQ-11828,SCMS-183950,ASN-19166,South Africa,South Africa Field Office,Direct Drop,DDP,Truck,3/18/2013,Date Not Captured,16-Apr-13,16-Apr-13,16-Apr-13,ARV,Pediatric,S. BUYS WHOLESALER,"Nevirapine 10mg/ml [Viramune], oral suspension, Bottle, 240 ml",Nevirapine,Viramune,10mg/ml,Oral suspension,240,212,2720.61,12.83,0.05,Boehringer Ingelheim Roxane US,False,Weight Captured Separately,Freight Included in Commodity Cost,3.37
33403,116-ZA-T30,FPQ-3560,SCMS-49631,ASN-5446,South Africa,PMO - US,Direct Drop,DDP,Truck,5/7/2009,7/21/2009,14-Sep-09,30-Sep-09,30-Sep-09,ARV,Adult,S. BUYS WHOLESALER,"Efavirenz 600mg, tablets, 30 Tabs",Efavirenz,Generic,600mg,Tablet,30,6387,121664.04,19.05,0.64,"Cipla, Goa, India",True,Weight Captured Separately,Freight Included in Commodity Cost,238.46
33494,108-VN-T30,FPQ-13524,SCMS-226260,ASN-26928,Vietnam,PMO - US,Direct Drop,EXW,Air,2/6/2014,3/10/2014,30-Jul-14,30-Jul-14,1-Aug-14,ARV,Adult,HETERO LABS LIMITED,"Tenofovir Disoproxil Fumarate 300mg, tablets, 30 Tabs",Tenofovir Disoproxil Fumarate,Generic,300mg,Tablet,30,9300,33015.0,3.55,0.12,Hetero Unit III Hyderabad IN,False,See ASN-26928 (ID#:23156),See ASN-26928 (ID#:23156),33.94
37519,161-ZA-T30,FPQ-6262,SCMS-83770,ASN-9945,South Africa,PMO - US,Direct Drop,DDP,Ocean,8/31/2010,9/24/2010,26-Apr-11,26-Apr-11,26-Apr-11,ARV,Adult,Aurobindo Pharma Limited,"Lamivudine 150mg, tablets, 60 Tabs",Lamivudine,Generic,150mg,Tablet,60,136403,323275.11,2.37,0.04,"Aurobindo Unit III, India",False,See ASN-9945 (ID#:28542),See ASN-9945 (ID#:28542),696.98
38507,116-ZA-T30,FPQ-11828,SCMS-183950,ASN-19166,South Africa,South Africa Field Office,Direct Drop,DDP,Truck,3/18/2013,Date Not Captured,16-Apr-13,16-Apr-13,16-Apr-13,ARV,Adult,S. BUYS WHOLESALER,"Zidovudine 300mg [Retrovir], tablets, 60 Tabs",Zidovudine,Retrovir,300mg,Tablet,60,13,242.73,18.67,0.31,GSK Aranda,False,Weight Captured Separately,Freight Included in Commodity Cost,0.3
39724,161-ZA-T30,FPQ-6262,SCMS-83790,ASN-9195,South Africa,PMO - US,Direct Drop,DDP,Ocean,8/31/2010,9/24/2010,31-Dec-10,1-Feb-11,1-Feb-11,ARV,Pediatric,Aurobindo Pharma Limited,"Efavirenz 50mg, capsule, 30 Caps",Efavirenz,Generic,50mg,Capsule,30,32080,76671.2,2.39,0.08,"Aurobindo Unit III, India",True,2666,21695.97,165.3
41784,116-ZA-T30,FPQ-11828,SCMS-183950,ASN-19166,South Africa,South Africa Field Office,Direct Drop,DDP,Truck,3/18/2013,Date Not Captured,16-Apr-13,16-Apr-13,16-Apr-13,ARV,Adult,S. BUYS WHOLESALER,"Lamivudine/Zidovudine 150/300mg [Combivir], tablets, 60 Tabs",Lamivudine/Zidovudine,Combivir,150/300mg,Tablet - FDC,60,7,117.6,16.8,0.28,"GSK, U1, Poznan, Poland",False,Weight Captured Separately,Freight Included in Commodity Cost,0.15
41798,161-ZA-T30,FPQ-6262,SCMS-83790,ASN-9195,South Africa,PMO - US,Direct Drop,DDP,Ocean,8/31/2010,9/24/2010,31-Jan-11,1-Feb-11,1-Feb-11,ARV,Adult,Aurobindo Pharma Limited,"Lamivudine 150mg, tablets, 60 Tabs",Lamivudine,Generic,150mg,Tablet,60,17013,40320.81,2.37,0.04,"Aurobindo Unit III, India",False,See ASN-9195 (ID#:39724),See ASN-9195 (ID#:39724),86.93
42195,116-ZA-T30,FPQ-11828,SCMS-183950,ASN-19166,South Africa,South Africa Field Office,Direct Drop,DDP,Truck,3/18/2013,Date Not Captured,16-Apr-13,16-Apr-13,16-Apr-13,ARV,Adult,S. BUYS WHOLESALER,"Tenofovir Disoproxil Fumarate 300mg, tablets, 30 Tabs",Tenofovir Disoproxil Fumarate,Generic,300mg,Tablet,30,6304,129614.89,20.56,0.69,"Cipla, Goa, India",False,Weight Captured Separately,Freight Included in Commodity Cost,160.33
42295,108-VN-T30,FPQ-14516,SCMS-251680,ASN-29386,Vietnam,PMO - US,Direct Drop,EXW,Air,7/9/2014,8/11/2014,24-Dec-14,19-Dec-14,19-Dec-14,ARV,Adult,HETERO LABS LIMITED,"Efavirenz/Lamivudine/Tenofovir Disoproxil Fumarate 600/300/300mg, tablets, 30 Tabs",Efavirenz/Lamivudine/Tenofovir Disoproxil Fumarate,Generic,600/300/300mg,Tablet - FDC,30,5280,55440.0,10.5,0.35,Hetero Unit III Hyderabad IN,True,1570,2690.2,56.99
44913,116-ZA-T30,FPQ-11828,SCMS-183950,ASN-19166,South Africa,South Africa Field Office,Direct Drop,DDP,Truck,3/18/2013,Date Not Captured,16-Apr-13,16-Apr-13,16-Apr-13,ARV,Adult,S. BUYS WHOLESALER,"Lopinavir/Ritonavir 200/50mg [Aluvia], tablets, 120 Tabs",Lopinavir/Ritonavir,Aluvia,200/50mg,Tablet,120,62,1549.54,24.99,0.21,ABBVIE Ludwigshafen Germany,False,Weight Captured Separately,Freight Included in Commodity Cost,1.92
45090,116-ZA-T30,FPQ-11828,SCMS-183950,ASN-19166,South Africa,South Africa Field Office,Direct Drop,DDP,Truck,3/18/2013,Date Not Captured,16-Apr-13,16-Apr-13,16-Apr-13,ARV,Adult,S. BUYS WHOLESALER,"Tenofovir Disoproxil Fumarate 300mg, tablets, 30 Tabs",Tenofovir Disoproxil Fumarate,Generic,300mg,Tablet,30,621,12768.22,20.56,0.69,"Aurobindo Unit III, India",False,Weight Captured Separately,Freight Included in Commodity Cost,15.79
45202,116-ZA-T30,FPQ-11828,SCMS-183950,ASN-19166,South Africa,South Africa Field Office,Direct Drop,DDP,Truck,3/18/2013,Date Not Captured,16-Apr-13,16-Apr-13,16-Apr-13,ARV,Pediatric,S. BUYS WHOLESALER,"Abacavir 20mg/ml [Ziagen], oral solution, Bottle, 240 ml",Abacavir,Ziagen,20mg/ml,Oral solution,240,1021,23275.52,22.8,0.1,GSK Mississauga (Canada),False,Weight Captured Separately,Freight Included in Commodity Cost,28.79
45536,116-ZA-T30,FPQ-11828,SCMS-183950,ASN-19166,South Africa,South Africa Field Office,Direct Drop,DDP,Truck,3/18/2013,Date Not Captured,16-Apr-13,16-Apr-13,16-Apr-13,ARV,Adult,S. BUYS WHOLESALER,"Nevirapine 200mg [Viramune], tablets, 60 Tabs",Nevirapine,Viramune,200mg,Tablet,60,2,36.18,18.09,0.3,"Boehringer Ing., Koropi, GR",False,Weight Captured Separately,Freight Included in Commodity Cost,0.04
45652,116-ZA-T30,FPQ-11828,SCMS-183950,ASN-19166,South Africa,South Africa Field Office,Direct Drop,DDP,Truck,3/18/2013,Date Not Captured,16-Apr-13,16-Apr-13,16-Apr-13,ARV,Adult,S. BUYS WHOLESALER,"Emtricitabine/Tenofovir Disoproxil Fumarate 200/300mg, tablets, 30 Tabs",Emtricitabine/Tenofovir Disoproxil Fumarate,Generic,200/300mg,Tablet - FDC,30,3,91.69,30.56,1.02,"Aurobindo Unit III, India",False,Weight Captured Separately,Freight Included in Commodity Cost,0.11
47089,116-ZA-T30,FPQ-11828,SCMS-183950,ASN-19166,South Africa,South Africa Field Office,Direct Drop,DDP,Truck,3/18/2013,Date Not Captured,16-Apr-13,16-Apr-13,16-Apr-13,ARV,Pediatric,S. BUYS WHOLESALER,"Lamivudine 10mg/ml, oral solution, Bottle, 240 ml",Lamivudine,Generic,10mg/ml,Oral solution,240,517,2812.74,5.44,0.02,"Cipla, Goa, India",False,Weight Captured Separately,Freight Included in Commodity Cost,3.48
47136,116-ZA-T30,FPQ-11828,SCMS-183950,ASN-19166,South Africa,South Africa Field Office,Direct Drop,DDP,Truck,3/18/2013,Date Not Captured,16-Apr-13,16-Apr-13,16-Apr-13,ARV,Adult,S. BUYS WHOLESALER,"Nevirapine 200mg [Viramune], tablets, 60 Tabs",Nevirapine,Viramune,200mg,Tablet,60,225,4157.82,18.48,0.31,"Boehringer Ing., Koropi, GR",False,Weight Captured Separately,Freight Included in Commodity Cost,5.14
47516,116-ZA-T30,FPQ-11828,SCMS-183950,ASN-19166,South Africa,South Africa Field Office,Direct Drop,DDP,Truck,3/18/2013,Date Not Captured,16-Apr-13,16-Apr-13,16-Apr-13,ARV,Adult,S. BUYS WHOLESALER,"Tenofovir Disoproxil Fumarate 300mg, tablets, 30 Tabs",Tenofovir Disoproxil Fumarate,Generic,300mg,Tablet,30,7242,148900.86,20.56,0.69,"Aurobindo Unit III, India",False,Weight Captured Separately,Freight Included in Commodity Cost,184.19
48757,116-ZA-T30,FPQ-11828,SCMS-183950,ASN-19166,South Africa,South Africa Field Office,Direct Drop,DDP,Truck,3/18/2013,Date Not Captured,16-Apr-13,16-Apr-13,16-Apr-13,ARV,Adult,S. BUYS WHOLESALER,"Abacavir 300mg, tablets, 60 Tabs",Abacavir,Generic,300mg,Tablet,60,114,7956.64,69.8,1.16,"Cipla, Patalganga, India",False,Weight Captured Separately,Freight Included in Commodity Cost,9.84
49254,116-ZA-T30,FPQ-11828,SCMS-183950,ASN-19166,South Africa,South Africa Field Office,Direct Drop,DDP,Truck,3/18/2013,Date Not Captured,16-Apr-13,16-Apr-13,16-Apr-13,ARV,Adult,S. BUYS WHOLESALER,"Nevirapine 200mg, tablets, 60 Tabs",Nevirapine,Generic,200mg,Tablet,60,265,4896.7,18.48,0.31,"Cipla, Goa, India",False,Weight Captured Separately,Freight Included in Commodity Cost,6.06
49436,116-ZA-T30,FPQ-11828,SCMS-183950,ASN-19166,South Africa,South Africa Field Office,Direct Drop,DDP,Truck,3/18/2013,Date Not Captured,16-Apr-13,16-Apr-13,16-Apr-13,ARV,Pediatric,S. BUYS WHOLESALER,"Abacavir 20mg/ml [Ziagen], oral solution, Bottle, 240 ml",Abacavir,Ziagen,20mg/ml,Oral solution,240,42,870.41,20.72,0.09,GSK Mississauga (Canada),False,Weight Captured Separately,Freight Included in Commodity Cost,1.08
50706,116-ZA-T30,FPQ-11828,SCMS-183950,ASN-19166,South Africa,South Africa Field Office,Direct Drop,DDP,Truck,3/18/2013,Date Not Captured,16-Apr-13,16-Apr-13,16-Apr-13,ARV,Adult,S. BUYS WHOLESALER,"Zidovudine 300mg [Retrovir], tablets, 60 Tabs",Zidovudine,Retrovir,300mg,Tablet,60,2,31.73,15.86,0.26,GSK Aranda,False,Weight Captured Separately,Freight Included in Commodity Cost,0.04
51397,116-ZA-T30,FPQ-11828,SCMS-183950,ASN-19166,South Africa,South Africa Field Office,Direct Drop,DDP,Truck,3/18/2013,Date Not Captured,16-Apr-13,16-Apr-13,16-Apr-13,ARV,Adult,S. BUYS WHOLESALER,"Lamivudine/Zidovudine 150/300mg, tablets, 60 Tabs",Lamivudine/Zidovudine,Generic,150/300mg,Tablet - FDC,60,6658,94179.41,14.15,0.24,"Cipla, Goa, India",False,Weight Captured Separately,Freight Included in Commodity Cost,116.5
51763,116-ZA-T30,FPQ-11828,SCMS-183950,ASN-19166,South Africa,South Africa Field Office,Direct Drop,DDP,Truck,3/18/2013,Date Not Captured,16-Apr-13,16-Apr-13,16-Apr-13,ARV,Adult,S. BUYS WHOLESALER,"Efavirenz 600mg, tablets, 30 Tabs",Efavirenz,Generic,600mg,Tablet,30,911,14646.84,16.08,0.54,"Cipla, Goa, India",False,Weight Captured Separately,Freight Included in Commodity Cost,18.12
52131,116-ZA-T30,FPQ-11828,SCMS-183950,ASN-19166,South Africa,South Africa Field Office,Direct Drop,DDP,Truck,3/18/2013,Date Not Captured,16-Apr-13,16-Apr-13,16-Apr-13,ARV,Adult,S. BUYS WHOLESALER,"Didanosine 250mg, delayed-release capsules, 30 Caps",Didanosine,Generic,250mg,Delayed-release capsules,30,64,987.12,15.42,0.51,"Aurobindo Unit III, India",False,Weight Captured Separately,Freight Included in Commodity Cost,1.22
52854,116-ZA-T30,FPQ-11828,SCMS-183950,ASN-19166,South Africa,South Africa Field Office,Direct Drop,DDP,Truck,3/18/2013,Date Not Captured,16-Apr-13,16-Apr-13,16-Apr-13,ARV,Pediatric,S. BUYS WHOLESALER,"Abacavir 20mg/ml [Ziagen], oral solution, Bottle, 240 ml",Abacavir,Ziagen,20mg/ml,Oral solution,240,91,2074.51,22.8,0.1,GSK Mississauga (Canada),False,Weight Captured Separately,Freight Included in Commodity Cost,2.57
53852,116-ZA-T30,FPQ-11828,SCMS-183950,ASN-19166,South Africa,South Africa Field Office,Direct Drop,DDP,Truck,3/18/2013,Date Not Captured,16-Apr-13,16-Apr-13,16-Apr-13,ARV,Pediatric,S. BUYS WHOLESALER,"Efavirenz 200mg, capsule, 90 Caps",Efavirenz,Generic,200mg,Capsule,90,545,13007.18,23.87,0.27,"Aurobindo Unit III, India",False,Weight Captured Separately,Freight Included in Commodity Cost,16.09
53981,116-ZA-T30,FPQ-11828,SCMS-183950,ASN-19166,South Africa,South Africa Field Office,Direct Drop,DDP,Truck,3/18/2013,Date Not Captured,16-Apr-13,16-Apr-13,16-Apr-13,ARV,Pediatric,S. BUYS WHOLESALER,"Abacavir 20mg/ml [Ziagen], oral solution, Bottle, 240 ml",Abacavir,Ziagen,20mg/ml,Oral solution,240,220,7811.75,35.51,0.15,GSK Mississauga (Canada),False,Weight Captured Separately,Freight Included in Commodity Cost,9.66
54246,116-ZA-T30,FPQ-11828,SCMS-183950,ASN-19166,South Africa,South Africa Field Office,Direct Drop,DDP,Truck,3/18/2013,Date Not Captured,16-Apr-13,16-Apr-13,16-Apr-13,ARV,Adult,S. BUYS WHOLESALER,"Zidovudine 300mg, tablets, 60 Tabs",Zidovudine,Generic,300mg,Tablet,60,53,1337.93,25.24,0.42,"Aurobindo Unit III, India",False,Weight Captured Separately,Freight Included in Commodity Cost,1.66
54579,116-ZA-T30,FPQ-11828,SCMS-183950,ASN-19166,South Africa,South Africa Field Office,Direct Drop,DDP,Truck,3/18/2013,Date Not Captured,16-Apr-13,16-Apr-13,16-Apr-13,ARV,Adult,S. BUYS WHOLESALER,"Lamivudine 150mg [Epivir], tablets, 60 Tabs",Lamivudine,Epivir,150mg,Tablet,60,1021,7656.67,7.5,0.12,GSK Ware (UK),False,Weight Captured Separately,Freight Included in Commodity Cost,9.47
54753,116-ZA-T30,FPQ-11828,SCMS-183950,ASN-19166,South Africa,South Africa Field Office,Direct Drop,DDP,Truck,3/18/2013,Date Not Captured,16-Apr-13,16-Apr-13,16-Apr-13,ARV,Pediatric,S. BUYS WHOLESALER,"Efavirenz 50mg, capsule, 30 Caps",Efavirenz,Generic,50mg,Capsule,30,131,398.4,3.04,0.1,"Aurobindo Unit III, India",False,Weight Captured Separately,Freight Included in Commodity Cost,0.49
55890,116-ZA-T30,FPQ-11828,SCMS-183950,ASN-19166,South Africa,South Africa Field Office,Direct Drop,DDP,Truck,3/18/2013,Date Not Captured,16-Apr-13,16-Apr-13,16-Apr-13,ARV,Adult,S. BUYS WHOLESALER,"Lamivudine/Zidovudine 150/300mg, tablets, 60 Tabs",Lamivudine/Zidovudine,Generic,150/300mg,Tablet - FDC,60,1152,34884.66,30.28,0.5,"Cipla, Goa, India",False,Weight Captured Separately,Freight Included in Commodity Cost,43.15
57308,116-ZA-T30,FPQ-11828,SCMS-183950,ASN-19166,South Africa,South Africa Field Office,Direct Drop,DDP,Truck,3/18/2013,Date Not Captured,16-Apr-13,16-Apr-13,16-Apr-13,ARV,Adult,S. BUYS WHOLESALER,"Didanosine 400mg, delayed-release capsules, 30 Caps",Didanosine,Generic,400mg,Delayed-release capsules,30,251,4996.06,19.9,0.66,"Aurobindo Unit III, India",False,Weight Captured Separately,Freight Included in Commodity Cost,6.18
62227,116-ZA-T30,FPQ-11828,SCMS-183950,ASN-19166,South Africa,South Africa Field Office,Direct Drop,DDP,Truck,3/18/2013,Date Not Captured,16-Apr-13,16-Apr-13,16-Apr-13,ARV,Pediatric,S. BUYS WHOLESALER,"Efavirenz 200mg, capsule, 90 Caps",Efavirenz,Generic,200mg,Capsule,90,51,1217.19,23.87,0.27,"Aurobindo Unit III, India",False,Weight Captured Separately,Freight Included in Commodity Cost,1.51
62390,116-ZA-T30,FPQ-11828,SCMS-183950,ASN-19166,South Africa,South Africa Field Office,Direct Drop,DDP,Truck,3/18/2013,Date Not Captured,16-Apr-13,16-Apr-13,16-Apr-13,ARV,Adult,S. BUYS WHOLESALER,"Lamivudine 150mg [Epivir], tablets, 60 Tabs",Lamivudine,Epivir,150mg,Tablet,60,869,5923.93,6.82,0.11,GSK Ware (UK),False,Weight Captured Separately,Freight Included in Commodity Cost,7.33
62795,116-ZA-T30,FPQ-11828,SCMS-183950,ASN-19166,South Africa,South Africa Field Office,Direct Drop,DDP,Truck,3/18/2013,Date Not Captured,16-Apr-13,16-Apr-13,16-Apr-13,ARV,Pediatric,S. BUYS WHOLESALER,"Efavirenz 200mg, capsule, 90 Caps",Efavirenz,Generic,200mg,Capsule,90,257,7465.87,29.05,0.32,"Aurobindo Unit III, India",False,Weight Captured Separately,Freight Included in Commodity Cost,9.24
65436,116-ZA-T30,FPQ-11828,SCMS-183950,ASN-19166,South Africa,South Africa Field Office,Direct Drop,DDP,Truck,3/18/2013,Date Not Captured,16-Apr-13,16-Apr-13,16-Apr-13,ARV,Pediatric,S. BUYS WHOLESALER,"Lopinavir/Ritonavir 100/25mg [Aluvia], tablets, 60 Tabs",Lopinavir/Ritonavir,Generic,100/25mg,Tablet,60,45,281.2,6.25,0.1,ABBVIE Ludwigshafen Germany,False,Weight Captured Separately,Freight Included in Commodity Cost,0.35
66338,116-ZA-T30,FPQ-11828,SCMS-183950,ASN-19166,South Africa,South Africa Field Office,Direct Drop,DDP,Truck,3/18/2013,Date Not Captured,16-Apr-13,16-Apr-13,16-Apr-13,ARV,Pediatric,S. BUYS WHOLESALER,"Zidovudine 10mg/ml, oral solution, Bottle, 240 ml",Zidovudine,Generic,10mg/ml,Oral solution,240,145,1173.68,8.09,0.03,"Aurobindo Unit III, India",False,Weight Captured Separately,Freight Included in Commodity Cost,1.45
67759,116-ZA-T30,FPQ-11828,SCMS-183950,ASN-19166,South Africa,South Africa Field Office,Direct Drop,DDP,Truck,3/18/2013,Date Not Captured,16-Apr-13,16-Apr-13,16-Apr-13,ARV,Adult,S. BUYS WHOLESALER,"Lamivudine/Zidovudine 150/300mg, tablets, 60 Tabs",Lamivudine/Zidovudine,Generic,150/300mg,Tablet - FDC,60,287,4059.7,14.15,0.24,"Cipla, Goa, India",False,Weight Captured Separately,Freight Included in Commodity Cost,5.02
68893,116-ZA-T30,FPQ-3560,SCMS-49631,ASN-5446,South Africa,PMO - US,Direct Drop,DDP,Truck,5/7/2009,7/21/2009,30-Sep-09,30-Sep-09,30-Sep-09,ARV,Adult,S. BUYS WHOLESALER,"Efavirenz 600mg, tablets, 30 Tabs",Efavirenz,Generic,600mg,Tablet,30,15328,291978.46,19.05,0.64,"Cipla, Goa, India",False,Weight Captured Separately,Freight Included in Commodity Cost,572.28
70014,116-ZA-T30,FPQ-11828,SCMS-183950,ASN-19166,South Africa,South Africa Field Office,Direct Drop,DDP,Truck,3/18/2013,Date Not Captured,16-Apr-13,16-Apr-13,16-Apr-13,ARV,Adult,S. BUYS WHOLESALER,"Lamivudine/Zidovudine 150/300mg [Combivir], tablets, 60 Tabs",Lamivudine/Zidovudine,Combivir,150/300mg,Tablet - FDC,60,2,71.35,35.67,0.59,"GSK, U1, Poznan, Poland",False,Weight Captured Separately,Freight Included in Commodity Cost,0.09
71244,116-ZA-T30,FPQ-11828,SCMS-183950,ASN-19166,South Africa,South Africa Field Office,Direct Drop,DDP,Truck,3/18/2013,Date Not Captured,16-Apr-13,16-Apr-13,16-Apr-13,ARV,Adult,S. BUYS WHOLESALER,"Nevirapine 200mg, tablets, 60 Tabs",Nevirapine,Generic,200mg,Tablet,60,5093,94109.04,18.48,0.31,"Cipla, Goa, India",False,Weight Captured Separately,Freight Included in Commodity Cost,116.41
71462,116-ZA-T30,FPQ-11828,SCMS-183950,ASN-19166,South Africa,South Africa Field Office,Direct Drop,DDP,Truck,3/18/2013,Date Not Captured,16-Apr-13,16-Apr-13,16-Apr-13,ARV,Adult,S. BUYS WHOLESALER,"Lopinavir/Ritonavir 200/50mg [Aluvia], tablets, 120 Tabs",Lopinavir/Ritonavir,Aluvia,200/50mg,Tablet,120,1473,36814.05,24.99,0.21,ABBVIE Ludwigshafen Germany,False,Weight Captured Separately,Freight Included in Commodity Cost,45.54
71649,116-ZA-T30,FPQ-11828,SCMS-183950,ASN-19166,South Africa,South Africa Field Office,Direct Drop,DDP,Truck,3/18/2013,Date Not Captured,16-Apr-13,16-Apr-13,16-Apr-13,ARV,Adult,S. BUYS WHOLESALER,"Didanosine 400mg, delayed-release capsules, 30 Caps",Didanosine,Generic,400mg,Delayed-release capsules,30,14,278.66,19.9,0.66,"Aurobindo Unit III, India",False,Weight Captured Separately,Freight Included in Commodity Cost,0.34
73843,161-ZA-T30,FPQ-6262,SCMS-83790,ASN-9179,South Africa,PMO - US,Direct Drop,DDP,Ocean,8/31/2010,9/24/2010,31-Jan-11,31-Jan-11,31-Jan-11,ARV,Adult,Aurobindo Pharma Limited,"Lamivudine 150mg, tablets, 60 Tabs",Lamivudine,Generic,150mg,Tablet,60,19177,45449.49,2.37,0.04,"Aurobindo Unit III, India",False,See ASN-9179 (ID#:28515),See ASN-9179 (ID#:28515),97.99
74213,116-ZA-T30,FPQ-11828,SCMS-183950,ASN-19166,South Africa,South Africa Field Office,Direct Drop,DDP,Truck,3/18/2013,Date Not Captured,16-Apr-13,16-Apr-13,16-Apr-13,ARV,Adult,S. BUYS WHOLESALER,"Abacavir 300mg, tablets, 60 Tabs",Abacavir,Generic,300mg,Tablet,60,537,14023.43,26.11,0.44,"Cipla, Patalganga, India",False,Weight Captured Separately,Freight Included in Commodity Cost,17.35
74288,108-VN-T30,FPQ-14516,SCMS-251680,ASN-29386,Vietnam,PMO - US,Direct Drop,EXW,Air,7/9/2014,8/11/2014,19-Dec-14,19-Dec-14,19-Dec-14,ARV,Adult,HETERO LABS LIMITED,"Efavirenz 600mg, tablets, 30 Tabs",Efavirenz,Generic,600mg,Tablet,30,10000,35000.0,3.5,0.12,Hetero Unit III Hyderabad IN,False,See ASN-29386 (ID#:42295),See ASN-29386 (ID#:42295),35.98
74364,116-ZA-T30,FPQ-11828,SCMS-183950,ASN-19166,South Africa,South Africa Field Office,Direct Drop,DDP,Truck,3/18/2013,Date Not Captured,16-Apr-13,16-Apr-13,16-Apr-13,ARV,Pediatric,S. BUYS WHOLESALER,"Efavirenz 50mg, capsule, 30 Caps",Efavirenz,Generic,50mg,Capsule,30,2146,6526.5,3.04,0.1,"Aurobindo Unit III, India",False,Weight Captured Separately,Freight Included in Commodity Cost,8.07
74771,116-ZA-T30,FPQ-11828,SCMS-183950,ASN-19166,South Africa,South Africa Field Office,Direct Drop,DDP,Truck,3/18/2013,Date Not Captured,16-Apr-13,16-Apr-13,16-Apr-13,ARV,Adult,S. BUYS WHOLESALER,"Lamivudine 150mg [Epivir], tablets, 60 Tabs",Lamivudine,Epivir,150mg,Tablet,60,19284,144614.29,7.5,0.12,GSK Ware (UK),False,Weight Captured Separately,Freight Included in Commodity Cost,178.89
77936,116-ZA-T30,FPQ-11828,SCMS-183950,ASN-19166,South Africa,South Africa Field Office,Direct Drop,DDP,Truck,3/18/2013,Date Not Captured,16-Apr-13,16-Apr-13,16-Apr-13,ARV,Adult,S. BUYS WHOLESALER,"Zidovudine 300mg, tablets, 60 Tabs",Zidovudine,Generic,300mg,Tablet,60,13,328.17,25.24,0.42,"Aurobindo Unit III, India",False,Weight Captured Separately,Freight Included in Commodity Cost,0.41
78244,116-ZA-T30,FPQ-11828,SCMS-183950,ASN-19166,South Africa,South Africa Field Office,Direct Drop,DDP,Truck,3/18/2013,Date Not Captured,16-Apr-13,16-Apr-13,16-Apr-13,ARV,Adult,S. BUYS WHOLESALER,"Stavudine 30mg, capsules, 60 Caps",Stavudine,Generic,30mg,Capsule,60,337,1357.12,4.03,0.07,"Aurobindo Unit III, India",False,Weight Captured Separately,Freight Included in Commodity Cost,1.68
81581,116-ZA-T30,FPQ-11828,SCMS-183950,ASN-19166,South Africa,South Africa Field Office,Direct Drop,DDP,Truck,3/18/2013,Date Not Captured,16-Apr-13,16-Apr-13,16-Apr-13,ARV,Adult,S. BUYS WHOLESALER,"Stavudine 20mg [Zerit], capsules, 60 Caps",Stavudine,Zerit,20mg,Capsule,60,71,367.73,5.18,0.09,Bristol-Myers Squibb Anagni IT,False,Weight Captured Separately,Freight Included in Commodity Cost,0.45
81961,116-ZA-T30,FPQ-11828,SCMS-183950,ASN-19166,South Africa,South Africa Field Office,Direct Drop,DDP,Truck,3/18/2013,Date Not Captured,16-Apr-13,16-Apr-13,16-Apr-13,ARV,Adult,S. BUYS WHOLESALER,"Stavudine 30mg, capsules, 60 Caps",Stavudine,Generic,30mg,Capsule,60,9227,37157.67,4.03,0.07,"Aurobindo Unit III, India",False,Weight Captured Separately,Freight Included in Commodity Cost,45.96
82256,116-ZA-T30,FPQ-3596,SCMS-50370,ASN-5458,South Africa,PMO - US,Direct Drop,DDP,Truck,5/7/2009,9/22/2009,29-Oct-09,27-Oct-09,27-Oct-09,ARV,Adult,S. BUYS WHOLESALER,"Nevirapine 200mg [Viramune], tablets, 60 Tabs",Nevirapine,Viramune,200mg,Tablet,60,2400,48739.72,20.31,0.34,"Boehringer Ing., Koropi, GR",False,Weight Captured Separately,Freight Included in Commodity Cost,95.53
