proveedor,envios_evaluables,envios_puntuales,retraso_promedio_dias,envios_tardios,puntualidad_pct,retraso_promedio_tardios_dias
ABBOTT LABORATORIES (PUERTO RICO),1,1,0.0,0,100.0,
ABBOTT LOGISTICS B.V.,1,1,0.0,0,100.0,
ABBVIE LOGISTICS (FORMERLY ABBOTT LOGISTICS BV),335,331,0.33134328358208953,4,98.80597014925372,27.75
"ABBVIE, SRL (FORMALLY ABBOTT LABORATORIES INTERNATIONAL CO.)",4,4,0.0,0,100.0,
"ACCESS BIO, INC.",1,1,0.0,0,100.0,
ACCOUN NIGERIA LIMITED,3,3,0.0,0,100.0,
ACOUNS NIGERIA LTD,1,1,0.0,0,100.0,
ACTION MEDEOR E.V.,1,1,0.0,0,100.0,
AHN (PTY) LTD (AKA UCB (S.A.),1,1,0.0,0,100.0,
AMSTELFARMA B.V.,5,5,0.0,0,100.0,
ASPEN PHARMACARE,35,34,1.0285714285714285,1,97.14285714285714,36.0
AUROBINDO PHARAM (SOUTH AFRICA),1,1,0.0,0,100.0,
Abbott GmbH & Co. KG,21,20,2.2857142857142856,1,95.23809523809524,48.0
Aurobindo Pharma Limited,536,449,5.848880597014926,87,83.76865671641791,36.03448275862069
B&C GROUP S.A.,2,2,0.0,0,100.0,
BIO-RAD LABORATORIES (FRANCE),28,24,2.142857142857143,4,85.71428571428571,15.0
BIO-RAD LABORATORIES PTY LTD. (SOUTH AFRICA),1,1,0.0,0,100.0,
BIOLYTICAL LABORATORIES INC.,5,5,0.0,0,100.0,
BRISTOL-MYERS SQUIBB,55,55,0.0,0,100.0,
BUNDI INTERNATIONAL DIAGNOSTICS LTD,2,2,0.0,0,100.0,
CENTRAL PHARMACEUTICAL COMPANY NO. 1,1,1,0.0,0,100.0,
"CHEMBIO DIAGNOSTIC SYSTEMS, INC.",109,108,0.22018348623853212,1,99.08256880733946,24.0
CIPLA LIMITED,169,146,5.568047337278107,23,86.3905325443787,40.91304347826087
EMCURE PHARMACEUTICALS LTD,40,38,1.425,2,95.0,28.5
ETHNOR DEL ISTMO S.A.,2,2,0.0,0,100.0,
EY Laboratories,2,2,0.0,0,100.0,
"GILEAD SCIENCES IRELAND, INC.",4,4,0.0,0,100.0,
GLAXOSMITHKLINE EXPORT LIMITED,19,19,0.0,0,100.0,
HETERO LABS LIMITED,197,195,0.04568527918781726,2,98.98477157360406,4.5
HUMAN GMBH,3,3,0.0,0,100.0,
Hoffmann-La Roche ltd Basel,22,22,0.0,0,100.0,
IDA FOUNDATION,14,14,0.0,0,100.0,
IDIS LIMITED,4,4,0.0,0,100.0,
IMRES B.V.,3,3,0.0,0,100.0,
INTERNATIONAL HEALTHCARE DISTRIBUTORS,10,10,0.0,0,100.0,
INVERNESS MEDICAL INNOVATIONS HONG KONG LTD,2,2,0.0,0,100.0,
INVERNESS MEDICAL INNOVATIONS SOUTH AFRICA (PTY) LTD,1,1,0.0,0,100.0,
JANSSEN SCIENCES IRELAND UC (FORMERLY JANSSEN R&D IRELAND),7,7,0.0,0,100.0,
"JSI R&T INSTITUTE, INC.",8,7,11.875,1,87.5,95.0
KAS MEDICS LIMITED,1,1,0.0,0,100.0,
LAWRENCE LABORATORIES (SUBSIDIARY OF BRISTOL MYERS SQUIBB),15,15,0.0,0,100.0,
MEDMIRA EAST AFRICA LTD.,1,1,0.0,0,100.0,
MERCK SHARP & DOHME IDEA GMBH (FORMALLY MERCK SHARP & DOHME B.V.),61,60,0.47540983606557374,1,98.36065573770492,29.0
MICRO LABS LIMITED,25,25,0.0,0,100.0,
MISSIONPHARMA A/S,3,3,0.0,0,100.0,
"MSD LATIN AMERICA SERVICES, S. DE R.L. DE C.V.",2,2,0.0,0,100.0,
MYLAN LABORATORIES LTD (FORMERLY MATRIX LABORATORIES),250,248,0.024,2,99.2,3.0
NOVARTIS PHARMA SERVICES AG,5,5,0.0,0,100.0,
OMEGA DIAGNOSTICS LTD,1,1,0.0,0,100.0,
Orasure Technologies Inc.,56,55,0.5,1,98.21428571428571,28.0
"Orgenics, Ltd",667,576,1.7961019490254873,91,86.3568215892054,13.164835164835164
PHARMACY DIRECT,58,58,0.0,0,100.0,
PLURIPHARM S.A.,1,1,0.0,0,100.0,
"PUETRO RICO PHARMACEUTICAL, INC.",1,1,0.0,0,100.0,
Premier Medical Corporation Ltd.,12,12,0.0,0,100.0,
"RAININ INSTRUMENT, LLC.",1,1,0.0,0,100.0,
RANBAXY Fine Chemicals LTD.,2,2,0.0,0,100.0,
REINBOLD EXPORT IMPORT,12,11,0.5833333333333334,1,91.66666666666667,7.0
S. BUYS WHOLESALER,191,183,1.2356020942408377,8,95.81151832460733,29.5
SCMS from RDC,3440,2884,2.7892441860465116,556,83.83720930232558,17.257194244604317
SETEMA LIMITED PLC,1,1,0.0,0,100.0,
"SHANGHAI KEHUA BIOENGINEERING CO.,LTD.  (KHB)",70,68,1.4,2,97.14285714285714,49.0
STRIDES ARCOLAB LIMITED,85,81,1.1058823529411765,4,95.29411764705883,23.5
SUB-SAHARAN BIOMEDICAL P.L.C.,1,1,0.0,0,100.0,
SUN PHARMACEUTICAL INDUSTRIES LTD (RANBAXY LABORATORIES LIMITED),8,7,0.375,1,87.5,3.0
SWORDS LABORATORIES,3,3,0.0,0,100.0,
SYSMEX AMERICA INC,1,1,0.0,0,100.0,
"Standard Diagnostics, Inc.",95,91,0.45263157894736844,4,95.78947368421052,10.75
THE MEDICAL EXPORT GROUP BV,1,1,0.0,0,100.0,
TURE PHARMACEUTICALS & MEDICAL SUPPLIES P.L.C.,3,3,0.0,0,100.0,
"Trinity Biotech, Plc",285,284,0.15087719298245614,1,99.64912280701755,43.0
WAGENIA,1,1,0.0,0,100.0,
ZEPHYR BIOMEDICALS,5,5,0.0,0,100.0,
